epoch,train_loss,train_acc,train_prec,train_rec,train_f1,val_loss,val_acc,val_prec,val_rec,val_f1
Epoch 1,1.03807,0.77265,0.77265,0.77265,0.77265,1.01606,0.7809,0.7809,0.7809,0.7809
Epoch 2,0.710717,0.832367,0.832367,0.832367,0.832367,0.686484,0.8393,0.8393,0.8393,0.8393
